{
  "project_info": {
    "project_number": "415153588194",
    "project_id": "firebase-unicronos"
  },
  "client": [
    {
      "client_info": {
        "mobilesdk_app_id": "1:415153588194:android:7729e73a63f05858",
        "android_client_info": {
          "package_name": "com.example.cristian.unicronos"
        }
      },
      "oauth_client": [
        {
          "client_id": "415153588194-rpttt6je0332p3361oebuo2asgqst4vp.apps.googleusercontent.com",
          "client_type": 1,
          "android_info": {
            "package_name": "com.example.cristian.unicronos",
            "certificate_hash": "2a9c29651d830b1c845eec4e231d5c77e41b1f8f"
          }
        },
        {
          "client_id": "415153588194-mkps6oac442p8cvusril9e6aqphqqg7j.apps.googleusercontent.com",
          "client_type": 3
        }
      ],
      "api_key": [
        {
          "current_key": "AIzaSyB6HiiLH8XV6KjF0tmp7iVVXbg3kkpEytg"
        }
      ],
      "services": {
        "analytics_service": {
          "status": 1
        },
        "appinvite_service": {
          "status": 1,
          "other_platform_oauth_client": []
        },
        "ads_service": {
          "status": 1
        }
      }
    }
  ],
  "configuration_version": "1"
}